precision,recall
0.020130958854449883,1.0
0.020198231376025826,1.0
0.020260178544961177,1.0
0.020315536755459013,1.0
0.020390131956397016,1.0
0.020490291038236245,1.0
0.02057784725841005,1.0
0.020651024416320933,1.0
0.020712645553833064,1.0
0.02078605684875424,1.0
0.020850200053973506,1.0
0.02093198577049026,1.0
0.020999763649255494,1.0
0.02107272878200339,1.0
0.02116231987614624,1.0
0.021235405886640933,1.0
0.0213021302130213,0.9988745075970737
0.021377300317949707,0.9988745075970737
0.021455855333139928,0.9988745075970737
0.02154256933066327,0.9988745075970737
0.021623136146574407,0.9988745075970737
0.021697674987164756,0.9988745075970737
0.021775133411028644,0.9988745075970737
0.021869840565782016,0.9988745075970737
0.021952335604833225,0.9988745075970737
0.022046403020667727,0.9988745075970737
0.022141280077837514,0.9988745075970737
0.022207200440638928,0.9983117613956106
0.022278035916112018,0.9983117613956106
0.022360029241977362,0.9983117613956106
0.022433383100943897,0.9977490151941475
0.02251257047082127,0.9977490151941475
0.022594046284024876,0.9977490151941475
0.022668865789574624,0.9977490151941475
0.022740098501949517,0.9977490151941475
0.02283587279916539,0.9977490151941475
0.022908160628456253,0.9977490151941475
0.0229874625627196,0.9977490151941475
0.02306611505737257,0.9977490151941475
0.02314742284192386,0.9977490151941475
0.023247885661837015,0.9977490151941475
0.023336316731599454,0.9977490151941475
0.023420781485297613,0.9977490151941475
0.02352769447172165,0.9977490151941475
0.02363873926723908,0.9977490151941475
0.02373779973490782,0.9977490151941475
0.02382488107715875,0.9977490151941475
0.023941988278823562,0.9977490151941475
0.02404491639204199,0.9977490151941475
0.024132627366644434,0.9977490151941475
0.024237536055556314,0.9977490151941475
0.02434737232391755,0.9977490151941475
0.0244511253309797,0.9977490151941475
0.0245533859576236,0.9977490151941475
0.02467125860989355,0.9977490151941475
0.024783216783216783,0.9971862689926843
0.02488100085651301,0.9971862689926843
0.024958074380980567,0.9966235227912211
0.025078591860432185,0.9966235227912211
0.025202776867043947,0.9949352841868317
0.02530956982320521,0.9949352841868317
0.025427507155081908,0.9949352841868317
0.025527368284266303,0.9949352841868317
0.025653675382338433,0.9949352841868317
0.02575051005537744,0.9943725379853686
0.02583835664540294,0.9938097917839055
0.025985109325799713,0.9938097917839055
0.026109969395449236,0.9938097917839055
0.02621111374970316,0.9938097917839055
0.026287945397374186,0.9926842993809791
0.02641905047176876,0.9926842993809791
0.026533497788875184,0.9926842993809791
0.026656189555125727,0.9926842993809791
0.026777582123990527,0.9926842993809791
0.02689434364994664,0.9926842993809791
0.02701005986923701,0.9926842993809791
0.02709681385733827,0.992121553179516
0.027207209987808453,0.992121553179516
0.027302590802032973,0.9915588069780529
0.02742156374501992,0.9915588069780529
0.027509026399287265,0.9904333145751266
0.027599083691593185,0.9898705683736635
0.027697252331736828,0.9893078221722004
0.02782217861268932,0.9893078221722004
0.02792310016378584,0.988182329769274
0.02803141561841517,0.988182329769274
0.02813922184475354,0.988182329769274
0.02824967824967825,0.988182329769274
0.028388056323455712,0.988182329769274
0.028491647320486386,0.9876195835678109
0.02859051218558582,0.9876195835678109
0.02869529652351738,0.9870568373663478
0.0288140883478718,0.9870568373663478
0.028930734573300546,0.9864940911648846
0.02903712047174968,0.9864940911648846
0.02916417115858122,0.9864940911648846
0.02929087020451811,0.9864940911648846
0.029406337543824334,0.9864940911648846
0.029521724486359043,0.9864940911648846
0.02962562142784673,0.9859313449634215
0.029735234215885947,0.9859313449634215
0.029849220546894966,0.9859313449634215
0.02995435039067175,0.9859313449634215
0.03005595798001991,0.9853685987619584
0.030180288875866112,0.9853685987619584
0.030270532069466546,0.9848058525604952
0.030361947747591354,0.9842431063590321
0.030481535056379513,0.9842431063590321
0.030603139052684993,0.9842431063590321
0.03072895619937804,0.9842431063590321
0.030831099195710455,0.983680360157569
0.030951748561310315,0.983680360157569
0.031072241183162683,0.983680360157569
0.03117527392126771,0.9831176139561058
0.03127687016337059,0.9825548677546426
0.031376427222871525,0.9819921215531795
0.03150672564773856,0.9819921215531795
0.03162628753808211,0.9814293753517164
0.03174227386133926,0.9808666291502532
0.03186529918280041,0.9808666291502532
0.032018075608949634,0.9808666291502532
0.03214621641061581,0.9808666291502532
0.032270022798465275,0.979741136747327
0.032391377192002684,0.9791783905458639
0.03253190412832862,0.9769274057400112
0.03267112324639864,0.9763646595385481
0.03278502552467385,0.975801913337085
0.03291360416310562,0.9752391671356219
0.033066208738790306,0.9752391671356219
0.03320877646833381,0.9752391671356219
0.03334231702152235,0.9746764209341587
0.03350615182233228,0.9746764209341587
0.03366244266500816,0.9746764209341587
0.033793413115202155,0.9741136747326955
0.03391925295248558,0.9729881823297692
0.034089116719242904,0.9729881823297692
0.03426815974630859,0.9729881823297692
0.03440791700682981,0.9724254361283061
0.03455727863931966,0.971862689926843
0.03469904708294801,0.9712999437253799
0.034849618737485086,0.9696117051209905
0.03494541684454473,0.9673607203151379
0.03506514724502716,0.9662352279122116
0.03514639200640145,0.963984243106359
0.035320315882801705,0.963984243106359
0.035498176392572946,0.963984243106359
0.03562282692427807,0.9628587507034327
0.03580171998911929,0.9628587507034327
0.03592902493377623,0.9617332583005065
0.03607049277322289,0.9606077658975802
0.036247425307370525,0.9606077658975802
0.03643275103574937,0.960045019696117
0.036615728021978024,0.960045019696117
0.036801208720051805,0.9594822734946539
0.036996026835146224,0.9589195272931907
0.037209302325581395,0.9589195272931907
0.037366157626821134,0.9583567810917276
0.03748122625673646,0.9549803038829487
0.03764455197212172,0.9544175576814856
0.03783228801642747,0.9538548114800225
0.0380118927409402,0.9532920652785594
0.03818464940985308,0.9521665728756331
0.038342862328704964,0.9510410804727069
0.038529975362715574,0.9504783342712436
0.038659971108206646,0.9487900956668542
0.03880314669988696,0.9465391108610017
0.038979710144927536,0.9459763646595385
0.039187329430150915,0.9454136184580754
0.0393554893636982,0.9442881260551491
0.03956375997356121,0.9431626336522229
0.039867663159899085,0.9425998874507597
0.040026844350702265,0.939786156443444
0.04020052058228092,0.9386606640405177
0.040387878787878785,0.9375351716375915
0.04052867733125244,0.9352841868317389
0.04074827763748253,0.9352841868317389
0.04093711467324291,0.9341586944288126
0.04116318884450289,0.9335959482273495
0.041360707328038364,0.93190770962296
0.041563868888777,0.9290939786156444
0.04180186574731292,0.9279684862127181
0.04202709944116972,0.9268429938097917
0.04234234234234234,0.9257175014068655
0.04257633439515189,0.9251547552054024
0.042876901798063624,0.9245920090039392
0.04329586829191072,0.923466516601013
0.04354302433834287,0.9212155317951604
0.043869063590018784,0.9200900393922341
0.04416745698414849,0.9172763083849184
0.04445051194539249,0.9161508159819921
0.044804051078819906,0.9161508159819921
0.04503804076192592,0.9127743387732132
0.045311974907583735,0.9105233539673607
0.045643270724473946,0.9093978615644345
0.04605544927618993,0.907709622960045
0.04646866972609461,0.9060213843556556
0.047080869005094575,0.9048958919527293
0.04757396449704142,0.9048958919527293
0.04815727770095593,0.9015194147439505
0.04839492687663086,0.8975801913337085
0.048751340585261226,0.895329206527856
0.04916664089798695,0.8947664603263928
0.05003943839722354,0.8925154755205402
0.05058589998079017,0.8891389983117614
0.0508628225467025,0.8840742824985931
0.05128205128205128,0.88351153629713
0.05178901505149194,0.8829487900956668
0.052236064259710766,0.8801350590883511
0.05278314191821662,0.8767585818795723
0.05315364618962922,0.8745075970737197
0.05351655560542761,0.8722566122678672
0.05392515230635335,0.8716938660664041
0.05431534540341009,0.8694428812605515
0.05473325524438292,0.8677546426561621
0.055284494511013846,0.867191896454699
0.055696477750398606,0.8649409116488463
0.05600058524452248,0.8615644344400676
0.05644208037825059,0.8598761958356781
0.05695824307163666,0.8581879572312887
0.05733590004906956,0.8548114800225098
0.05790960451977401,0.8536859876195836
0.05836605836605836,0.8531232414181205
0.0588326787727962,0.851435002813731
0.05930406095357788,0.8497467642093416
0.059865025803890436,0.8486212718064153
0.060384923817161186,0.8474957794034891
0.06088717844845048,0.8458075407990996
0.06126207235226715,0.8424310635903207
0.06182329118108935,0.8418683173888576
0.06221535118873522,0.8379290939786156
0.06266351590851549,0.8356781091727631
0.06329438952368725,0.8323016319639842
0.06392931392931393,0.8306133933595948
0.0644736264218894,0.8261114237478897
0.06512932377687754,0.823297692740574
0.06588553402433528,0.8227349465391108
0.06672773070757958,0.8199212155317952
0.06747782473412901,0.8176702307259426
0.06822897019992456,0.8142937535171637
0.06900181835582353,0.8114800225098481
0.06981269764047678,0.8075407990996061
0.07088018227747783,0.8052898142937536
0.07434127979924718,0.8002250984805852
0.0753913321265041,0.7968486212718064
0.07699453551912569,0.7929093978615644
0.07809979418145407,0.7900956668542487
0.07976332707515503,0.7889701744513224
0.0824279641001417,0.7855936972425436
0.0841779450142623,0.7805289814293753
0.08833830587624854,0.7664603263927968
0.09018903088391907,0.7625211029825548
0.0916513574198816,0.7580191333708497
0.09317676486937188,0.7546426561620709
0.09513321492007105,0.7535171637591446
0.09697366506620107,0.7501406865503658
0.09953530205366512,0.7473269555430501
0.10259598942950413,0.7428249859313449
0.10591749414708969,0.7383230163196398
0.10780977674495809,0.731007315700619
0.11029537305787947,0.727068092290377
0.11220661373353111,0.7236916150815982
0.11586582048957389,0.7191896454698931
0.1191569086651054,0.7158131682611142
0.12169312169312169,0.7118739448508723
0.12430993690851735,0.7096229600450197
0.12827038582917644,0.7090602138435566
0.13242443458042696,0.7051209904333146
0.1350587211831231,0.69893078221722
0.13790783720147998,0.6921778277996623
0.14171122994652408,0.6859876195835678
0.14639776454865752,0.6781091727630838
0.1506122964272188,0.6713562183455262
0.15490196078431373,0.666854248733821
0.1583917970858068,0.6606640405177265
0.1633885923012082,0.6544738323016319
0.16739446870451238,0.6471581316826112
0.1723151076969423,0.6437816544738323
0.1778125,0.6404051772650534
0.18250889104429358,0.6353404614518852
0.18667557188178327,0.6291502532357907
0.1938310550297932,0.622397298818233
0.2011747430249633,0.6167698368036015
0.20763768950297448,0.6088913899831176
0.21497390606182257,0.602701181767023
0.22110762800417974,0.5953854811480023
0.22922636103151864,0.5852560495216658
0.2371898910271273,0.5756893640967924
0.243408203125,0.5610579628587508
0.25588697017268447,0.550365785030951
0.269435868650014,0.5402363534046145
0.28085490668272123,0.5250422059651098
0.29542525773195877,0.5160382667416995
0.310598111227702,0.49971862689926844
0.3394495412844037,0.47889701744513224
0.36217948717948717,0.44513224535734386
0.39046121593291405,0.4192459200900394
0.41235888294711825,0.3905458638154192
0.48040752351097177,0.3449634214969049
0.5789473684210527,0.26617895329206526
0.6788990825688074,0.20821609454136183
0.7777777777777778,0.1221159257175014
